time_of_day,day_of_week,season,temperature,humidity,historical_load,current_load,load_label
night,weekday,summer,43.052578231656774,73.71333354564705,443.82701669566154,726.4426345609079,1
afternoon,weekend,summer,41.73353191811327,59.68808125203446,474.3629884364264,505.41683522053495,0
evening,weekday,autumn,22.625521568034635,78.3246325692963,576.0726343110317,819.371950424772,2
afternoon,weekday,spring,33.62418369973627,69.4844406250792,492.3526309817951,692.769021093445,0
morning,weekend,autumn,29.733280726958945,56.47641796452101,440.4328683323182,893.5520742825936,2
night,weekend,autumn,20.409588383944463,66.59050372733594,474.7596168012249,783.8544521921069,1
afternoon,weekend,summer,44.55613356484028,77.77725162841378,514.0061340882605,548.5243158683595,0
morning,weekday,spring,25.772729701391107,57.351416058577634,475.5540908013308,595.3796970903356,0
night,weekday,autumn,23.78275289846036,55.91741811828909,461.8532589553168,811.2759307170733,2
afternoon,weekend,spring,27.16030900807517,76.01650101565178,591.404624017536,895.7664372893848,2
night,weekday,autumn,21.643153004821464,70.68786278899789,530.1685165198037,558.8360902340095,0
evening,weekday,summer,31.39468693252902,68.7678130689828,424.9426240581055,493.1155178731462,-1
night,weekend,summer,42.13679110461737,70.96648077780593,576.8550383815498,472.8816752619504,-1
morning,weekday,autumn,21.678311123450104,53.720817158015635,493.9123165751381,708.6157495905175,1
night,weekend,autumn,28.4789338043745,65.13054947762309,419.71003112021543,601.1877707163618,0
evening,weekday,summer,43.48145509385058,76.6499919869978,554.3153658544312,470.079183690172,-1
morning,weekday,winter,13.8668110762002,79.78751388867263,478.27365244851507,550.8931481992436,0
night,weekday,autumn,27.874194898288582,62.756036058870386,531.049531138297,753.0761517896765,1
morning,weekend,summer,40.74199889117396,58.438564726101276,485.4989460203743,745.0033473980493,1
afternoon,weekend,spring,30.300230507635092,51.0626896833243,571.4725378914727,841.3550440563503,2
evening,weekday,summer,43.82911896064816,68.49445551024093,462.90825820221244,839.5768061862535,2
afternoon,weekend,autumn,28.134539474704727,50.46512303088607,516.0763393145886,696.0615192308699,0
evening,weekday,winter,11.561764054982076,56.10184336889808,454.23620834244235,770.3538329338894,1
afternoon,weekend,summer,43.820653342927656,78.59534070748948,430.7746095400754,807.251383766994,2
afternoon,weekday,spring,26.331639607891056,55.50054148326896,560.8897899177748,622.0472489240617,0
evening,weekend,winter,12.28811478097499,62.9256952266158,444.2367253669229,863.2679887811757,2
morning,weekday,summer,42.061280903104226,72.75359615390401,528.0102149915731,840.2907768130275,2
morning,weekend,summer,35.99618734720267,60.5619113492808,458.26398857959566,475.06335204912256,-1
evening,weekend,spring,26.009956663031446,63.962327168177964,573.0729740508931,813.7577098950662,2
night,weekend,summer,40.886478116166984,68.48951315759965,454.93613165325195,864.1912837165623,2
afternoon,weekday,autumn,24.329008340813317,51.190135594905264,535.7179256341138,559.2194069484833,0
night,weekend,autumn,24.69928998464924,51.255222862444484,561.2692918106344,725.3065190666889,1
night,weekday,spring,34.27664498862109,57.07519573879266,445.33555264953003,822.968216146035,2
night,weekday,autumn,27.81995292151033,77.67629496487078,422.96708384087685,680.0935619275872,0
morning,weekday,winter,12.48300444030726,63.456436283236144,414.59683779430543,701.3788320143395,1
evening,weekday,winter,15.978697189190285,66.11858781273602,420.3922344793859,641.2376116096989,0
afternoon,weekend,autumn,28.038880341874417,73.57750064770438,429.93092855579994,482.58741471883553,-1
afternoon,weekend,winter,13.080264310951861,58.51492305295152,425.40612083306956,899.545040696394,2
afternoon,weekend,summer,41.507478687814114,74.13954875389769,563.7799197461406,609.5359411459449,0
night,weekday,winter,17.210518404135485,66.10307819825344,534.1884776860488,685.6877924853775,0
night,weekend,summer,40.56539424372417,70.51007793543988,440.7624748951655,797.1091183353788,1
night,weekday,autumn,28.225139321529554,61.471182048891286,585.1534979818747,887.7736086075539,2
evening,weekday,winter,18.520394459943716,71.02006565020343,402.7030558310838,618.3298897547509,0
morning,weekday,winter,21.27117667655176,70.57552998313125,554.7881323786551,663.0466402083646,0
afternoon,weekday,spring,28.086339410101214,75.16046937954013,466.2749695036165,584.543506471577,0
morning,weekend,winter,16.215498459713892,51.004221731764765,460.79696239714997,537.3358864852487,0
night,weekend,winter,18.470992167179816,73.24168655243197,440.49265367190543,459.4457359773024,-1
night,weekday,winter,13.960058784840404,51.140571485497354,484.2733500951936,461.8455362139529,-1
evening,weekday,summer,41.172275162497485,61.12309114430368,448.4545561395087,694.8469625847697,0
morning,weekend,spring,31.895610140928405,71.7890094362389,470.130838881533,550.32141615342,0
evening,weekend,summer,30.79825327068921,78.52445432195418,586.7363310454516,451.80661623502976,-1
morning,weekend,autumn,23.379999369161514,56.46307660613407,540.4260717478329,699.4823141663114,0
evening,weekday,spring,33.655491630149015,67.87190990517114,546.9189528516187,744.9644163196963,1
morning,weekday,autumn,23.13832370779596,51.822052423092266,409.8342465498589,584.3600234566106,0
afternoon,weekday,autumn,28.951871359314914,64.93470159413772,494.98158014856074,685.1563849328845,0
night,weekday,summer,43.54453659311415,76.08292212178335,428.1381066922473,598.0222557693888,0
morning,weekend,winter,12.22374731126231,66.35555744328563,537.367662864699,575.6409922760964,0
morning,weekday,winter,12.217913492055722,62.38846243876865,411.8395438591583,790.7403291724097,1
night,weekday,winter,24.25497264792315,51.10441483157591,589.6795076008601,482.8445281008883,-1
afternoon,weekend,winter,16.925352929346694,79.39441031696944,504.55305357571564,751.7985569887486,1
evening,weekday,winter,23.326759870890225,63.72835287138515,545.4315209949732,453.68515833413517,-1
night,weekday,autumn,22.658351835902153,65.73195962851345,571.9489897493869,498.1446915389048,-1
afternoon,weekday,autumn,20.03328910912841,72.53476945873213,581.7244539070573,493.45716035454745,-1
afternoon,weekend,spring,31.605565650501386,51.19867791355399,457.77940551625255,496.00086082580464,-1
evening,weekend,winter,23.257758460623762,75.54053635436223,505.4475516923996,835.9000442987456,2
afternoon,weekend,spring,25.703106790476607,75.31963002193574,456.0307449205668,744.9937805459838,1
morning,weekday,autumn,20.0865198596457,78.09998042442538,465.04986928725793,589.6894931522339,0
morning,weekday,summer,35.084032634812786,51.775392879139034,565.2193452727498,603.857505679893,0
afternoon,weekend,winter,10.41303511336276,55.536371213343585,465.76840994781287,496.4571393902381,-1
evening,weekend,winter,10.637639960271233,50.69044065325189,465.49050341544836,720.2297404080064,1
afternoon,weekday,autumn,26.072096800905744,57.56553244380007,556.8696879224781,593.4539791773092,0
afternoon,weekday,spring,26.793193089184935,59.78407782046621,589.8710344864036,884.3649342157479,2
afternoon,weekend,winter,20.529357806748095,53.755978539852,523.401973579266,881.017409163552,2
afternoon,weekday,autumn,22.74131187447783,64.43141075929856,400.2787800687937,469.8895383672115,-1
night,weekend,spring,29.81017794110679,68.33945312641094,406.05949187489455,652.1344137194699,0
evening,weekend,winter,15.513459714813052,75.20722861502225,485.03165410866745,896.8335008405877,2
afternoon,weekday,winter,11.050648305847595,70.70490343976533,492.75631890688726,885.8962572322351,2
night,weekend,spring,29.703386971438682,67.49710142337683,580.9924337977333,892.5858016537545,2
afternoon,weekend,autumn,21.75794617806674,71.05162207272984,450.4268593665413,779.7397243519358,1
afternoon,weekday,autumn,28.9379993428266,56.354130584567216,495.9149976575194,633.7035434377518,0
evening,weekday,winter,14.59462315281911,61.48371273100672,423.797308693038,642.1210640599969,0
night,weekday,autumn,29.62292713951821,63.92898742658031,457.85816296198874,514.612576338063,0
evening,weekday,summer,35.507551463937226,56.437420481999766,527.3858789590194,559.2597824754205,0
evening,weekday,spring,32.437742507379724,64.17849653900242,522.2742612698029,752.8102276601958,1
night,weekday,spring,32.05216695958934,55.28516665904047,508.72631534256766,598.4476988390445,0
night,weekend,autumn,28.662449972148977,52.46357527760279,587.7435127405149,608.7536649837642,0
morning,weekend,winter,16.38685293285384,67.02792436954702,413.1973009342181,861.3447954373542,2
night,weekend,spring,27.924956843028276,78.75577621932342,582.9483353267156,515.1255874312963,0
afternoon,weekday,winter,19.946800931989927,73.9301680858809,524.5618871479763,540.1382902068774,0
evening,weekday,spring,26.17413082583367,57.265263890336826,415.3690083273333,840.3968091957081,2
morning,weekday,summer,43.36591969130649,69.72992627539269,576.6269848181037,737.0012744924406,1
afternoon,weekend,autumn,21.482965198854746,55.471700175374274,465.618523209737,820.3293688057449,2
afternoon,weekday,summer,33.58372704403834,73.06718503436997,595.3615464438913,859.7988817155469,2
night,weekend,winter,21.864707621336635,59.91803622270032,431.0876407014352,679.7202571847719,0
night,weekday,summer,37.26072764675409,69.2411078262741,588.8984313362587,573.3896870674957,0
evening,weekday,summer,43.1962817651261,70.44391552953479,472.7595585837387,828.7096307024381,2
afternoon,weekend,summer,33.801608033176834,74.52864576493972,546.8864595571187,527.0620960653953,0
morning,weekend,spring,29.784158089804116,67.59764777348076,466.91246879315327,473.0815189293431,-1
night,weekday,summer,43.40006898375733,78.52960356336443,544.9825119292876,606.1456448793497,0
afternoon,weekday,summer,36.91325266005183,68.28116646982036,416.3888904538788,651.1109516034587,0
afternoon,weekend,winter,14.812980209435407,76.82385649041387,495.8771374867585,465.2805801617161,-1
evening,weekday,autumn,25.56770247192175,73.88131372418019,577.5233267891272,576.3525528048881,0
night,weekend,winter,12.399937626353807,68.51113007312549,591.5939883829236,852.2559930921889,2
afternoon,weekday,autumn,27.900312752538916,76.6185825263251,541.3645558021975,523.4819926088535,0
evening,weekday,winter,13.69490671377666,76.23615905379269,493.85193975632666,885.7122133404507,2
night,weekend,autumn,20.758950449800327,71.42599799622676,515.424688293571,833.2852489815791,2
evening,weekend,autumn,21.67993684176663,59.603637532064226,438.90559559871963,569.3984793152908,0
morning,weekend,winter,20.318167670682094,56.88832708344739,522.1502811398225,776.1870984005362,1
morning,weekday,winter,22.20177480097288,55.24308683753404,472.67500228604297,624.1678062220773,0
evening,weekend,summer,42.3060575033162,69.18085466601683,469.62629933158667,655.9026177794196,0
afternoon,weekday,spring,27.478802317067935,78.16733094816044,402.8378201640802,537.1501366459617,0
afternoon,weekday,spring,25.191774187075445,73.37242493373097,560.9733395150204,620.4426528377344,0
night,weekend,spring,30.853387210753667,58.01423427977643,541.2363845292293,758.5736749666967,1
morning,weekday,spring,28.3496054551388,76.18455049963484,496.45417821785446,890.5831632483475,2
morning,weekend,winter,13.173516465308992,69.11348000781018,408.39461108457897,477.78728469330144,-1
night,weekend,spring,28.362779899520312,61.34251301733108,564.8060603751992,698.3879548614864,0
evening,weekend,summer,35.07177378978601,73.73041244227117,476.49362219220404,830.6848585271373,2
night,weekday,summer,35.115806352949186,54.117689809321625,477.9886192362975,679.6136135458032,0
morning,weekend,spring,27.126966246015844,63.196335176190416,447.4262856709302,779.3132934375299,1
morning,weekend,autumn,20.77342487883345,65.80173283695646,563.9701660421326,807.4232030240275,2
afternoon,weekend,autumn,25.863987584962466,69.0457068879438,556.834288634836,787.4303951211609,1
morning,weekday,spring,29.75395970094245,59.853159505822426,416.73144780138705,741.7198330822551,1
night,weekend,summer,44.21670132697323,60.88947619421826,516.3377696800771,698.3886872147897,0
night,weekday,spring,33.07920001903135,59.85507670174946,439.30895754905976,800.139550171132,2
evening,weekday,spring,29.84918742824753,59.370869239364495,531.8106912935152,860.7920375373219,2
night,weekend,summer,39.4311126167394,65.8122326018285,451.5341973850001,882.3805831849874,2
morning,weekday,winter,19.131422373466073,72.42108624942841,544.226213642914,648.2639098110815,0
night,weekend,spring,26.755168615422704,72.23650987870023,414.60273295174073,533.2638333749807,0
night,weekday,winter,16.57857546315566,77.31441301000638,595.4872823740935,490.60150589369954,-1
evening,weekend,autumn,23.1179269338453,68.01404414199173,431.690124177731,545.1775348770113,0
evening,weekend,winter,24.144527473570193,67.664915481463,537.3215077727004,822.866332462304,2
morning,weekday,summer,44.67633089038107,60.62941770577877,564.8243685848151,762.9284109208184,1
morning,weekday,autumn,28.78252800728165,59.77552714835695,502.45217078385787,558.6298856479344,0
night,weekend,spring,25.87498291285981,71.58461341521101,588.3325921159205,595.0457929934192,0
evening,weekday,autumn,26.38936095328046,63.431607052882754,515.0269067930706,520.7431308203905,0
evening,weekday,autumn,28.980553103486614,55.668101587434506,437.4669223179334,883.6214263297452,2
night,weekend,winter,14.900924397476576,62.162797041315464,416.4466834820507,794.5440927930861,1
afternoon,weekend,autumn,26.67715699305245,50.39720556363242,474.77760989634146,670.7444490681137,0
morning,weekend,winter,22.606233689145604,67.55515736166103,555.7716825154628,678.5839419373243,0
afternoon,weekend,summer,37.75832862448169,65.96696612700552,545.459802596777,749.0317896372806,1
morning,weekday,winter,10.217255272196669,70.98059895342897,480.1342080055721,497.8963733756964,-1
night,weekday,spring,32.41693630167998,51.51435771046709,468.8987417901561,769.3331556588635,1
evening,weekday,winter,24.237345603762456,52.53328692509206,535.9002839682595,542.8134304714237,0
morning,weekday,autumn,21.374963052615,60.4198409371992,457.39278817905426,468.6880378669607,-1
morning,weekday,autumn,24.721154381504544,59.57708384260633,453.60297870854436,525.7119470924231,0
night,weekday,autumn,29.767976125191907,79.65668556495866,479.34405799914174,809.3732149187624,2
night,weekday,autumn,29.476767227930303,75.84522239327642,482.0276369666081,452.17819097021345,-1
afternoon,weekday,spring,32.13048845572451,51.505842310942086,554.8041234904318,489.1396101043289,-1
night,weekday,autumn,26.842047532525832,57.23561932545985,536.2468836846364,735.9099260324663,1
morning,weekend,spring,27.061371793985167,68.2513275680448,413.872279952416,743.6868439906245,1
afternoon,weekend,autumn,28.023539151808883,58.26844875114591,470.1185465317417,465.1735730379773,-1
night,weekday,spring,26.647288872255004,54.262510773413155,487.4883237050748,661.4016949046494,0
morning,weekend,autumn,26.22784467761747,56.75686608377842,536.3843258940395,514.4311690312772,0
night,weekday,spring,30.398017124979575,73.57884435658374,491.6195630194438,572.3778525489734,0
afternoon,weekday,winter,17.896992351560424,68.34817217334069,438.5108251540959,652.667392487705,0
evening,weekday,spring,34.00623033549618,70.36399548593354,431.7683979396047,759.8597591182536,1
night,weekday,summer,43.2872308347777,67.70175686943841,485.58123597260584,883.1439687805396,2
morning,weekday,spring,29.529880303212117,60.69971667596887,505.88158026831405,715.3184918522091,1
afternoon,weekend,winter,14.848023373056595,60.037161068078845,538.6121282597064,779.8559535502361,1
morning,weekend,spring,34.73494077705391,70.7464028254645,416.5435635639092,578.3933033336457,0
night,weekday,summer,37.69727838390928,74.91978265563202,429.8429170133037,463.82382691906975,-1
night,weekend,spring,30.10891406684515,68.89621561648991,583.5248378078225,493.7252891636249,-1
evening,weekday,winter,20.588233272315506,67.4329385753091,489.3709341577956,547.5224394298469,0
morning,weekday,winter,15.52371677695197,74.0516430025987,583.6293881252063,531.17916231816,0
evening,weekday,autumn,21.90900283037818,53.192205672672266,551.2981151900804,562.1777391222472,0
afternoon,weekday,summer,44.48985525469985,79.72649367058591,551.7996834156074,689.7730730064231,0
afternoon,weekday,spring,34.48773421229507,55.89935874374409,590.0205775186776,671.1774111749683,0
evening,weekday,spring,30.654142519078462,76.99848008928129,530.0037037998102,762.8543432625822,1
afternoon,weekday,spring,27.043666995035462,65.04812322697151,560.280051284267,829.2755224042032,2
afternoon,weekend,winter,12.705322266083304,70.66382378579249,438.50022399209513,809.8778340004556,2
night,weekend,autumn,22.20988286558732,78.6774881968669,501.08409782013877,576.9471495858724,0
morning,weekend,winter,21.74090198392449,68.21109201978412,404.6201985365844,674.1485028924883,0
morning,weekend,spring,27.01067348645966,67.64585506950893,586.1323751428349,578.8523790221043,0
night,weekend,winter,20.08174708825519,67.27174344340256,410.3697483680187,613.9031544928255,0
night,weekend,winter,16.03982342740774,75.36479648843232,437.08934092425176,597.4205737842601,0
morning,weekday,spring,34.36265727807803,76.51184955785062,562.6665274138581,724.5914929574778,1
morning,weekend,summer,41.22400508156788,51.29653472063467,406.59654114117694,500.39176976854986,0
evening,weekday,autumn,26.899395725889924,78.14288230401401,421.156790631659,856.8944081707223,2
morning,weekday,autumn,23.496158923752972,58.99615657444046,403.1937687374536,482.04977487531386,-1
morning,weekend,spring,32.95808789621677,61.534407391707944,527.6156004262184,453.38584366134944,-1
evening,weekday,autumn,23.717588458702046,71.75255406327577,579.0449196481563,741.1557953862754,1
evening,weekday,summer,41.8620311713943,50.863739742364864,589.6017918563409,597.9568223988522,0
evening,weekend,spring,28.723848622713586,65.64645475744358,599.7546679961961,651.1403687636578,0
morning,weekday,summer,42.90102405709024,70.05931914736814,499.64901828328925,629.0983581382065,0
afternoon,weekday,spring,29.306049891796455,76.30051924040009,592.1156965143454,541.6425095821005,0
evening,weekend,summer,37.020094357172965,76.86476366610526,484.57574933456243,767.539662958583,1
evening,weekday,autumn,23.052275027806807,79.92562719435433,567.951158964562,767.3458565989094,1
evening,weekend,autumn,20.611114694439944,68.21449548832732,414.2330121917725,626.706684887748,0
afternoon,weekday,autumn,23.494449269142052,68.45884018512561,558.1252549286897,895.9886383777575,2
afternoon,weekday,spring,25.912173710702817,56.24796750142898,431.2845817556512,696.2670298131991,0
night,weekday,spring,25.052719325716563,79.39807233500771,564.6393599892431,730.5309777442542,1
night,weekday,autumn,21.82247221995991,57.991615444186706,486.33116885764775,659.7881210046955,0
morning,weekend,winter,18.569429639237466,77.95125774594686,598.5177420129345,625.5026091991465,0
night,weekday,winter,24.004441211360145,66.75442749280663,548.5459843734984,737.4291524157309,1
morning,weekday,autumn,23.378291193652803,69.1072543727474,510.4557740127551,508.7141769447687,0
afternoon,weekday,winter,14.373176027494287,66.14246967755555,589.1107550883411,593.0175116823805,0
night,weekend,winter,10.643964830248493,78.23033003128346,401.6877768746704,621.4906398997066,0
afternoon,weekend,winter,17.508007492962108,64.14504715738484,583.6327133788202,650.7501641443091,0
afternoon,weekday,winter,21.83558504135317,74.34831923052064,505.3759423050276,589.8305809303001,0
afternoon,weekday,summer,33.46602842505974,51.53415951094334,408.24682695359127,504.9321541636233,0
night,weekend,summer,40.44515283446297,79.6789001020554,411.69996107991795,633.4738507826808,0
afternoon,weekend,summer,39.688009094820565,72.09571801472545,539.0553508489334,644.810791186771,0
morning,weekday,summer,41.425655572700194,53.83535374865096,590.9061485475268,726.3584732757031,1
evening,weekend,spring,27.164832750140828,57.48750366153398,566.2500062309772,517.29847342617,0
morning,weekend,spring,33.189664477661694,74.79841278554787,457.8195252006538,584.3060681692622,0
afternoon,weekend,winter,10.411437154412635,72.97206825404484,414.61933653694257,593.2083262384074,0
morning,weekend,winter,13.286273124987432,76.14238846555008,538.7819305448155,533.736424214485,0
evening,weekday,spring,28.73515510484659,65.47015128948526,420.9661875060594,537.959226817589,0
morning,weekend,spring,26.38707131860951,66.33156529419182,542.1424500622913,539.739375118344,0
night,weekend,spring,28.9178056584927,72.12309288803418,440.26528346578306,452.09959708867734,-1
night,weekday,autumn,29.400089750115196,71.61487938269134,596.7663108478304,459.8764186919066,-1
afternoon,weekend,autumn,28.21764007651938,54.89298158060477,485.75196562819167,597.456402077268,0
morning,weekend,summer,41.194049009658706,77.72350605383326,418.2054719821247,683.950881972755,0
night,weekend,spring,28.210046938376983,51.337984325562246,493.01335001876026,660.2368168048764,0
evening,weekday,spring,27.769370348852206,63.04587607887696,529.7201389524416,453.0241948718078,-1
night,weekend,winter,18.434584705251,69.20274774672716,460.12452782331513,546.2481876077021,0
afternoon,weekend,winter,15.978265577504066,58.3852518653226,532.012101611796,863.3863723204149,2
morning,weekday,winter,16.927503619400664,72.45950103801934,457.5925143275911,679.8506148392339,0
afternoon,weekend,autumn,22.81712702314664,50.54377822994995,457.3412582944184,755.3645125601794,1
night,weekend,spring,27.264070687190877,63.91550971325839,485.0134614128456,773.5656780387712,1
afternoon,weekday,winter,18.739912042702898,50.5412894727956,501.36677976211,777.0703866505505,1
afternoon,weekday,winter,23.074177978541407,66.9522235739008,521.6040993493879,463.56273175093963,-1
night,weekend,summer,35.85369547125084,70.00081905818259,474.27234748813527,507.47422653767165,0
afternoon,weekday,autumn,21.410535344270727,74.45603283619494,460.2298921615646,655.0146292207005,0
evening,weekend,spring,33.01840459701184,66.69730243371727,475.4857785757334,465.9213960823747,-1
night,weekday,winter,24.35254442479107,55.06062438330344,510.21588983910755,720.429659526005,1
afternoon,weekday,autumn,25.624511352240134,50.474510751141544,596.3300066103403,739.0385179786016,1
evening,weekday,summer,44.88003436173504,60.10304465867674,522.4278356334488,763.7933200804969,1
afternoon,weekend,summer,43.658896451262834,68.22169791903006,467.2109181551718,763.3217724074244,1
evening,weekday,summer,38.669225995876715,58.29210000251006,596.1165985982717,706.5604165827833,1
morning,weekday,autumn,26.79266589600629,77.79164041586147,446.4704949487384,699.0883111691661,0
night,weekday,spring,26.030912880539688,73.16481166646162,481.04157130074634,767.7999819545289,1
morning,weekend,autumn,20.98220942440709,50.01685398429627,474.9279513247483,793.182477636268,1
evening,weekend,summer,44.72546724649196,63.171313323942755,489.81616227723504,827.4692614355763,2
night,weekend,summer,37.614885972403656,57.33250189793593,530.9397923585109,577.4554842281171,0
afternoon,weekday,summer,40.89976142727167,73.66147894521782,486.72280215941186,733.2859539133406,1
evening,weekday,spring,27.587998666775988,74.69480420731361,493.1452550440253,860.3148011543201,2
evening,weekday,summer,33.89216266243361,72.28568005530379,510.7064077879507,778.3377818628799,1
morning,weekday,summer,42.37801078054505,63.118166971271464,464.01278081944315,882.3272062753226,2
morning,weekday,summer,43.69574380390057,51.03472844146078,487.2323774304754,770.0199239404665,1
morning,weekday,winter,23.52370384405992,62.79025075084462,409.51729824601506,513.5018043721043,0
afternoon,weekday,summer,39.12886247032564,63.141838301609475,549.7401026065261,553.9727573493773,0
night,weekday,spring,29.12381657994292,53.584639910017984,410.825258170869,876.4512777432403,2
evening,weekend,autumn,22.321423610404164,58.5015751176715,436.31247386060255,778.292279971942,1
afternoon,weekday,spring,30.106629419739342,77.18381953413996,407.91490647391544,886.397704017143,2
afternoon,weekend,summer,34.786291794858265,50.95964535360322,489.8637042238721,871.2937854128494,2
afternoon,weekend,autumn,26.031135055929195,71.08103455501868,417.9101234502411,777.5578751260532,1
morning,weekday,autumn,26.647825098112847,61.579964564069776,556.8057143829735,525.7552706388356,0
night,weekday,winter,21.611640881664112,72.79716791535702,453.6759854452541,472.9913983379376,-1
morning,weekend,autumn,26.029463539030665,79.44434677137147,564.7403056231406,585.2883214694311,0
night,weekend,spring,29.982674255077264,71.60921510561079,427.920204070658,589.9395578541712,0
morning,weekend,spring,34.96575663171548,60.59644544747297,523.253736905865,707.6319393013802,1
morning,weekday,summer,33.3057081310537,57.62608445975222,436.87799334728544,634.4602450678742,0
afternoon,weekend,summer,38.45893970947146,50.982840771014935,512.1255136173429,804.8309519866825,2
morning,weekend,summer,35.46352889178574,51.033916702125424,517.523368335844,607.3855392566466,0
afternoon,weekend,winter,17.54525497071221,61.65489053785374,481.27445109079366,554.3192773546086,0
morning,weekday,autumn,23.468260975013695,67.09456593540179,470.09937555418276,745.6717567727463,1
night,weekday,spring,29.071042094132583,78.65239439928527,515.9153123645722,812.1523486531919,2
morning,weekday,spring,28.369963444297763,71.47075898294801,459.6604444080623,777.7214302438488,1
night,weekday,spring,27.247624747074962,54.22974738336814,557.1250163516911,556.5303001612996,0
night,weekday,autumn,29.864204654052603,57.58823289325289,527.4964943249861,698.6948064651341,0
afternoon,weekend,summer,37.642612480095245,72.89135589241434,564.5960826170948,876.7034570527051,2
morning,weekend,spring,30.963377744506584,65.26022509045715,404.80257281598307,795.0088564614375,1
afternoon,weekend,autumn,25.65757795418076,59.49855613817259,497.4628453813267,801.8015914317009,2
morning,weekday,spring,33.81154854510595,52.96726022531132,563.8112117602715,588.9906264453502,0
afternoon,weekend,winter,16.55809986150304,72.06299528851119,574.4826844026047,544.7445303909157,0
night,weekend,autumn,28.48657266917168,73.8753510421138,434.2875246073663,728.8673859856358,1
evening,weekday,summer,44.119791267425526,63.3902639871459,555.4860428694994,721.2462591983931,1
afternoon,weekend,summer,43.722428328754134,79.91319620650376,557.2383849788664,605.0294735896579,0
morning,weekend,winter,15.583547794844012,70.68575583939307,405.06682378119916,664.0067629672876,0
evening,weekday,spring,30.292144130317315,54.51941803125551,573.4889180216949,845.5719499173842,2
night,weekend,summer,31.5785865158353,67.78694928977748,549.0930706871385,626.9744910250033,0
night,weekend,summer,41.00740016839303,70.4203315113905,454.20629944749874,770.2476393439068,1
afternoon,weekday,autumn,20.69429481161437,58.13894645838023,596.917617682059,861.599415997729,2
evening,weekday,autumn,22.025110025001347,50.67130292971343,500.08067417088506,484.98738444365233,-1
morning,weekend,summer,33.376126327332315,50.202301429795575,404.0264852591078,655.5030853859812,0
evening,weekday,autumn,27.89498864527122,56.512008833164934,589.8352678237604,532.8794179377278,0
evening,weekday,autumn,25.897037529991074,66.56708464048052,510.54784624497177,499.09874281711745,-1
night,weekday,summer,42.53426418782316,63.505224381413846,473.2371231681816,671.0252767170364,0
afternoon,weekday,winter,18.863924778740014,69.41099836197199,551.8451971257143,456.7582684445009,-1
night,weekday,autumn,20.676860746622328,68.53964501605923,521.185004182031,547.9453168634448,0
night,weekday,winter,18.59293245451189,67.44923962053633,418.36817169696536,677.8302752509007,0
evening,weekday,summer,37.40155522161394,54.76086877088424,494.14934107742397,737.3852594967777,1
night,weekend,summer,30.718677767979347,65.89454166314687,506.32921579796243,478.15417472274027,-1
afternoon,weekday,winter,15.546769902209451,68.45044960588518,423.32717006990424,496.96852581655014,-1
evening,weekday,autumn,27.652809553830338,59.83543127714415,435.91520763702056,789.4203806366431,1
night,weekday,autumn,25.41816825281328,66.3586469769736,559.7887277435882,646.4853813935401,0
evening,weekday,winter,16.696465204558834,64.08122673049915,453.80159499504384,508.37831299110985,0
night,weekday,spring,34.85804052793004,52.909236761155526,464.2445569023126,609.9757208018614,0
afternoon,weekend,spring,28.039584260908406,52.45760858047299,591.5549765199395,644.252829294267,0
night,weekend,spring,32.795645331603204,75.50090740998755,453.4132745917992,850.1776170519088,2
morning,weekend,autumn,22.215217680172973,59.21917735247087,566.8741158038198,493.7858250927492,-1
morning,weekend,autumn,27.22106365245626,69.16655116440842,442.48062994799255,891.7613725113496,2
morning,weekend,spring,34.54188480507421,75.32495398754402,425.264687469972,864.5360194355537,2
evening,weekend,spring,34.87380427752847,54.75080379101088,543.7354191957313,649.9899405290228,0
afternoon,weekday,winter,22.824156682514577,71.87058086893818,454.6229629823373,843.022337285973,2
night,weekend,spring,30.742386873382173,72.6896627576576,507.07840172145654,863.9061900662264,2
evening,weekday,winter,20.199119128473235,54.464893534764016,457.829199516614,741.8918962180061,1
morning,weekday,spring,33.28656991086972,65.63137490452733,407.17651516735975,459.3879038490231,-1
evening,weekday,summer,41.70425382829244,67.19220398178835,552.8489722902779,806.4863667755876,2
evening,weekend,spring,27.221802942689852,72.36584774120081,588.287227542019,821.5806531258913,2
morning,weekday,autumn,22.416215338877183,51.72639642843232,459.6672542726762,669.9603560452712,0
morning,weekend,spring,31.585959053154003,50.93618639150865,433.04106228424496,870.1482006815029,2
night,weekend,winter,10.996064041996837,56.258702757892486,534.6519567101313,561.5549257141437,0
afternoon,weekday,winter,24.387779607818146,59.35655981571265,499.8729625193422,517.1204737227868,0
morning,weekday,spring,26.64685669091115,60.270558807468035,448.01489652732016,631.02274660463,0
morning,weekday,summer,39.539865585176315,61.80382115201902,547.5426567169528,464.23361574171565,-1
morning,weekend,winter,10.446806446353548,52.316757277927316,486.5294841740439,485.4720677335042,-1
evening,weekend,winter,24.16845706874161,58.41167397438989,427.76738117717815,691.0722369107733,0
night,weekday,spring,25.75659325267697,64.3827127769179,597.8827607769937,547.4645727781073,0
morning,weekend,winter,13.297429791323724,52.65555216347288,423.542589949671,592.7461107809104,0
night,weekday,autumn,24.626992120592494,68.68921333237832,473.9452991286012,899.8721167800168,2
morning,weekday,spring,25.48863315357086,57.3385417152864,499.9178409330358,612.6724188199893,0
evening,weekday,winter,12.343039851461597,75.02681977994831,574.1265421127325,634.640770312596,0
evening,weekday,spring,28.886670526403634,56.53020553696924,514.6031688552034,579.6589561345928,0
evening,weekend,summer,31.554096815253747,57.50015593269489,531.3962847427155,800.4515316161146,2
morning,weekday,winter,21.653437320000847,60.7564019938699,536.8869627428112,780.991156515307,1
morning,weekday,spring,29.729365407289535,64.93910341693253,584.4337424721946,452.69672213535466,-1
morning,weekday,winter,19.78714162611826,57.95507672168096,480.52316748652703,475.75836281272194,-1
morning,weekday,autumn,29.445479686797526,79.41975642386427,414.74296562123334,658.2828584292865,0
morning,weekend,spring,33.694735140666495,76.39672643228245,440.20846815025334,560.3212897777657,0
morning,weekday,autumn,21.32060923114919,59.25859181692165,548.1341551295684,514.373444594411,0
night,weekend,autumn,27.007088919692386,60.3486045496211,489.8204743741893,861.3402347345963,2
night,weekend,winter,19.63519952113471,54.9383472910867,457.3764404987468,567.8444125279274,0
evening,weekend,spring,28.720190859253016,79.73841336978218,498.83295131761156,588.5605146866537,0
morning,weekend,spring,26.350732603304245,72.71629865200754,417.6716833751183,780.3478389226217,1
night,weekday,autumn,27.20794742651297,78.60203436224707,540.4648790766363,590.0983757633467,0
night,weekend,autumn,25.3386110214767,50.85090133712505,469.2066811011974,502.45544340335726,0
night,weekday,summer,31.961711472845852,70.51146713058114,576.3339334392778,873.6645075590068,2
evening,weekend,winter,21.38401746024909,61.291851487642404,430.4483791771536,517.4830017452227,0
night,weekend,winter,24.950192539141277,70.04904533875958,552.1402340739667,602.8836362418544,0
afternoon,weekend,summer,30.694034886681145,62.79960629752456,472.968411546462,720.4281603169347,1
evening,weekend,autumn,28.10373555603909,75.11423964570032,476.1752207525009,718.4009862444477,1
afternoon,weekend,autumn,22.973925388632388,58.1351025457835,422.17355852283845,710.9305657122592,1
afternoon,weekend,summer,36.45611843763295,66.0749085430968,406.2040642319776,639.7273725198327,0
morning,weekday,winter,12.728371949529347,66.57069854849699,533.6516743079383,673.717651091723,0
night,weekend,summer,44.21440838161251,77.450008617349,548.7096914557027,467.67808096587214,-1
evening,weekend,spring,27.330599991195655,72.37042180291965,593.9524847216204,754.0668330668109,1
evening,weekend,spring,26.943312255393025,56.01886369725901,472.0246625302512,891.878983853735,2
evening,weekday,summer,41.101892027931875,69.80784409917558,512.1632526057958,821.8815815134508,2
evening,weekend,autumn,28.1656520787528,55.01702560212754,426.9140704361283,701.4713502621028,1
morning,weekday,summer,44.749897822633194,56.86027111621395,468.5548961480906,638.9870969025687,0
afternoon,weekend,summer,42.174645332475926,56.91769451710084,503.71950802256396,625.1527981608551,0
night,weekend,summer,43.44111855961635,64.82105435617454,443.0968876249427,662.9019941403819,0
afternoon,weekday,spring,28.122454874649993,51.199378137355204,462.6836982560044,540.8902891028318,0
night,weekday,summer,43.7623556132263,50.54531883770432,580.7434852307465,793.0540099307248,1
night,weekend,autumn,29.989429630097654,76.1013265010186,428.4548797585826,585.7456404191649,0
afternoon,weekday,autumn,20.08700521938518,64.50096395671207,414.86113337530116,647.2415386538198,0
evening,weekday,autumn,21.53132995195622,70.30192755591337,568.7107436371793,885.4375097659484,2
morning,weekday,winter,22.114310352988163,67.167143255187,439.58308387209627,559.7981450025934,0
morning,weekend,autumn,20.382299561612584,53.03110543050617,498.25994010328964,857.8606397312159,2
night,weekday,spring,31.93203002092103,52.23916747653157,505.6803232800453,637.4160028937184,0
evening,weekday,winter,15.388272931632912,68.24994184135313,459.3093842559682,645.0146205345821,0
morning,weekend,summer,34.520053010374504,61.614574814110384,404.6655488416782,507.9311485129568,0
afternoon,weekend,autumn,24.928831023990433,58.53031527161845,595.5142975644026,480.8942113064632,-1
morning,weekday,winter,16.36776570856599,54.80446182781081,521.0508516262569,777.1745398354876,1
evening,weekend,spring,32.5789292777231,62.424779824472296,406.23600403547056,868.8278876679598,2
evening,weekday,autumn,28.205481049121595,68.77631029286991,490.92784348855207,588.1013921386825,0
morning,weekday,summer,36.64790358995154,64.36037160801746,498.1592411453697,540.290401075524,0
night,weekend,spring,26.27036207166847,57.91294982623994,410.01611039146815,525.9512339769539,0
evening,weekday,autumn,23.14404426018724,67.72887533227569,563.7762617321524,787.0084256800744,1
evening,weekend,winter,23.74764043566214,70.42296828113132,445.195710204072,841.0115583604384,2
afternoon,weekend,winter,22.514316416506365,62.710180166041525,432.79032800575663,676.7421836915913,0
night,weekend,winter,11.612172889067716,60.98712002454425,502.68612044423713,815.3189117603563,2
afternoon,weekend,winter,16.456730215753012,65.85096773942242,576.2350986246597,544.1821933032377,0
evening,weekend,winter,19.77282798547939,69.90789500489396,476.77949117523485,693.5884896939872,0
night,weekday,summer,35.70035459461777,65.17748980737011,444.1269758859712,808.5942557843393,2
morning,weekday,summer,37.03367889989748,60.50271787724995,465.85804439187655,685.3869987069057,0
evening,weekday,summer,42.18410237946502,67.04935668024251,438.4002398044064,766.3284321590293,1
night,weekday,winter,16.455783662005135,72.41933154862431,573.8627581692115,676.3712172801296,0
morning,weekend,summer,43.625089045624804,79.61467822149004,460.98271982755017,783.1420977383052,1
evening,weekend,winter,14.546119063009225,65.86395914641078,514.2498106272145,827.3652835146996,2
night,weekend,autumn,21.41942738605451,50.896665585942344,404.2782543732337,638.4995366314837,0
night,weekday,winter,17.063537861872728,59.39596002696808,447.4830731466742,734.8542516754537,1
night,weekend,autumn,27.9361021033801,75.18838060568858,515.1587853303628,498.23992457596455,-1
afternoon,weekend,winter,21.610606304940113,79.03156818902904,504.5705704636239,826.5918306635072,2
morning,weekday,summer,40.802815187949626,57.23571382155684,596.5768324115003,812.5963189280945,2
morning,weekday,autumn,26.98928559653956,74.52533158113464,483.30154588871426,759.038371276356,1
night,weekday,winter,18.407894113128748,61.19276426502256,453.4969844990547,697.7791557435015,0
night,weekend,winter,21.7551147356103,50.89077359997896,596.6592795877509,794.3980102542689,1
afternoon,weekend,autumn,26.016676506634816,78.78265408564675,464.12944973894304,823.294637701059,2
morning,weekend,winter,15.29781496644835,69.46031530505027,595.6146097576459,557.8820695544313,0
morning,weekday,winter,12.579245852623723,61.41614725511983,517.8899047088134,640.027992203463,0
night,weekend,summer,41.79121551773344,65.90124387664056,595.433077279378,841.5767311414251,2
evening,weekend,autumn,27.1517149052979,70.03106883149263,454.31061537240134,756.6688258783795,1
afternoon,weekend,spring,34.28757113836657,55.81931266681544,451.21168499371635,612.2097525144173,0
night,weekday,autumn,25.784362186046856,79.02088141712659,534.749383532946,694.9486620429022,0
night,weekday,summer,32.901020671026465,78.02776445731884,408.8034807327972,601.5981328365266,0
afternoon,weekend,winter,19.40571156382974,79.57097026381925,410.8102713121378,775.7813100445312,1
night,weekday,winter,19.894039088234845,79.86232325626287,538.3166591837529,635.8868662464984,0
evening,weekend,spring,30.190143396456822,61.07742217052257,560.1560056996884,672.6405778100368,0
evening,weekend,autumn,26.385632772195244,62.51296786786872,417.43595445679927,867.6872932213698,2
morning,weekday,winter,14.745528670057267,60.05856563923289,550.0748866821638,566.4335950616174,0
morning,weekday,summer,30.897705314977962,57.7636675101807,469.22890685968764,645.1015339804962,0
afternoon,weekend,autumn,24.98245522971262,59.121192362190016,414.56500763012536,493.91769498616384,-1
night,weekday,winter,23.860933743407195,74.16028179821573,557.3140770134694,832.9440696737622,2
night,weekday,spring,28.197138175652295,72.13750362412776,552.2867637588578,500.19084795767674,0
morning,weekend,autumn,20.684551913392422,51.00887856814053,424.70405943228286,795.9191662145124,1
night,weekday,spring,32.85617047367918,61.55028334354143,515.3525101622838,470.4904381639335,-1
afternoon,weekend,summer,43.747455988960894,54.82631637772038,556.3514527796799,895.342977512341,2
morning,weekday,winter,24.181320888403572,62.491291538518,424.51698569700693,654.2237095877658,0
morning,weekend,autumn,24.735571488774177,63.13106633846559,504.5798780835114,633.291414046472,0
night,weekend,winter,21.410253928897532,55.26608017222678,452.55141385520056,683.8896098821526,0
afternoon,weekday,summer,42.603628839938736,56.48193227562744,504.89557696661655,875.538539492981,2
night,weekend,winter,18.218583519820946,78.98116286861465,457.2056631657994,557.0362719954292,0
night,weekend,spring,31.699787976611713,50.52851802511306,592.4232340882277,573.7465613828037,0
evening,weekend,summer,30.458466405961587,73.35306590579762,415.29352784361737,505.58670842238143,0
night,weekend,spring,26.18218669522951,70.36976624604051,530.6099109562189,656.1782459289057,0
morning,weekend,summer,32.778603296356394,76.22270824154504,471.2134282141674,567.7675256886198,0
evening,weekday,summer,44.54861405818362,74.91794694586645,598.0911469994765,521.0973254333784,0
afternoon,weekday,winter,23.100846031144627,60.00636871451471,502.0574660770608,725.913380411896,1
afternoon,weekday,spring,30.503549091383178,58.51144761853387,570.19165491089,555.177104040794,0
morning,weekday,summer,35.02433898489676,69.18336794923505,556.7741441779698,590.4419653518496,0
afternoon,weekend,summer,39.0937071866516,54.18982858071092,407.06696768632537,503.54567119432795,0
afternoon,weekday,winter,10.227933149402862,79.43814892358911,578.294416979463,742.7112565049271,1
night,weekday,summer,31.48072250971898,65.91041948432397,558.3528513226397,668.6772231216306,0
night,weekday,summer,44.09363133460287,65.03246221793322,511.7239262109208,463.9934400728957,-1
evening,weekday,spring,26.173601316427163,74.57535910163732,457.22096714430984,679.3095228222461,0
afternoon,weekend,spring,29.950749280692172,74.41821040639455,568.0764679768317,508.1412001616106,0
evening,weekend,spring,34.985333543899664,58.35744735614867,442.5107525188168,869.6934733683757,2
morning,weekday,summer,32.284608702470074,66.4534830988589,434.66497573261074,524.4293733433626,0
afternoon,weekend,autumn,29.234237017477625,57.08412050722158,416.3745221764493,762.0327841825391,1
afternoon,weekday,winter,18.25882730095415,54.74543208805628,415.3512635798147,492.51069187555714,-1
morning,weekday,autumn,26.158287699085648,53.13662970170214,439.71153201989364,510.60200343146494,0
evening,weekday,spring,25.730471107463323,58.15688507542746,537.1386752059759,713.1415981758738,1
night,weekday,spring,32.5933606594941,76.38391763498261,563.9139599845251,853.8901565844335,2
night,weekday,winter,10.705599517045675,69.99428811990873,578.6572613101919,659.9294718757358,0
evening,weekend,autumn,25.837890003855776,66.83842949224523,492.5833964909686,778.1872622171563,1
afternoon,weekend,autumn,27.914631285011374,61.243636995373855,449.90694254106796,457.4196305111907,-1
evening,weekday,autumn,25.646613729025187,77.44390140740651,558.7876062672748,460.9335396675104,-1
afternoon,weekday,autumn,23.75617414663183,71.87543067384253,539.2593829852343,604.9823719500375,0
night,weekday,spring,30.542944207801188,74.18210357619765,503.7766645121112,795.6346286951435,1
afternoon,weekend,winter,16.83381308558692,66.96639147438438,596.5344547072028,631.1125847903571,0
morning,weekend,spring,27.476287045755456,65.50723082910008,527.4500289096659,875.7801147155376,2
afternoon,weekend,autumn,26.996280286831556,65.27367014437033,431.6297173566725,569.1652048624998,0
night,weekday,winter,21.433065588590516,77.25906093514268,440.07190778212333,823.0192178773923,2
morning,weekday,spring,29.952102081149086,72.59328521344707,506.83036034179,489.47691239845557,-1
evening,weekend,spring,26.56680139583272,65.40502897890248,421.32973241202467,763.2695139323894,1
morning,weekend,spring,26.60677554074703,65.59691376789135,484.58937807838475,744.4214723539909,1
evening,weekend,winter,23.175605750978242,72.95849314190109,502.9710941268317,686.5118532972348,0
afternoon,weekend,summer,35.418731410461476,56.0667883390808,440.70426159797944,495.03969831726505,-1
afternoon,weekday,spring,25.648174496630897,68.3171695790291,509.92654182335525,665.5284586781693,0
morning,weekday,spring,27.605809262745808,79.25013970288146,523.8728166185116,652.6123759298658,0
afternoon,weekday,spring,28.875922394579263,50.86893436584728,544.0652196281167,502.2058451045384,0
evening,weekday,summer,41.66037443146555,62.38929325790695,582.8961691448311,719.0451948762884,1
afternoon,weekday,winter,23.96508753146538,69.03708181402202,432.6237947604769,699.4901654333286,0
night,weekend,winter,18.041596094885243,73.74289111584258,476.84643259521465,859.1067305058494,2
morning,weekday,winter,12.330592045645298,69.99793362722332,568.8100261033808,487.0463018204815,-1
afternoon,weekend,autumn,28.37332628751598,74.07092330073142,410.468040556859,724.2265574598409,1
night,weekday,autumn,27.72563043939612,61.04198797628227,553.0972623681154,466.5922293885879,-1
afternoon,weekend,spring,34.36221282938208,67.23438792467756,545.6969968629072,542.9636040629052,0
evening,weekday,spring,32.696565118217734,54.72288677062913,470.99397578998804,669.2520220292465,0
evening,weekday,winter,15.540230612489745,71.08725830851742,462.2528069185933,801.3302865885381,2
morning,weekday,summer,39.03160757324752,71.41439543494917,427.7480633415213,464.69188762398664,-1
morning,weekend,winter,21.273757855889826,52.473821108493304,422.6770856367681,893.3734714778491,2
morning,weekend,summer,41.039688108791914,51.89657874502101,583.7523258909313,484.81273705143485,-1
morning,weekday,winter,20.104780210691935,67.94288932232911,502.2168121696846,490.1558190549163,-1
afternoon,weekday,spring,27.066097022439504,73.75965347067084,554.7968994584493,765.3929125550966,1
evening,weekday,summer,33.96120421278681,76.93413059372683,468.77484160465775,706.3598995579335,1
evening,weekday,summer,38.647749424169774,61.376865126688244,528.9368255457277,592.2248032439585,0
evening,weekday,spring,32.53122527455126,60.029038096836175,446.0815538959836,847.991169268357,2
afternoon,weekday,winter,22.702101563313384,76.70173847443355,449.87396634603755,844.5395169838433,2
evening,weekend,summer,40.95848944832713,63.96481538024672,450.5208126692401,892.439180141298,2
afternoon,weekday,autumn,25.79801458917838,63.76333430876362,594.7848405616099,733.4523283539013,1
evening,weekend,winter,20.06442224046057,66.37375750497787,497.5874098176189,770.3177597547298,1
night,weekday,summer,44.441991684967334,67.57847173015739,534.7938157712391,611.3593797135371,0
evening,weekday,winter,18.637609101654288,68.22486256416246,570.0033117936342,563.0892561472876,0
night,weekend,spring,31.1007055689741,72.1071424986013,484.58983341559383,527.061137278474,0
evening,weekend,summer,32.79962286959686,55.508262212120485,524.7118555948391,646.4180638752912,0
afternoon,weekday,autumn,27.353181941552766,79.18178682771662,407.666711627405,720.4639569845614,1
afternoon,weekend,winter,18.400954959659487,58.72288086358357,514.6072627988783,511.663110934062,0
morning,weekend,summer,34.877526340171094,63.30764623683923,525.6026071899989,776.3730282510171,1
afternoon,weekday,spring,33.331158453995826,70.21043152174346,559.368704718049,547.8816338415935,0
afternoon,weekend,winter,14.274412280361927,63.87802762153485,436.1973758465876,857.8551916370791,2
evening,weekend,spring,33.24836089620664,59.25447546986291,430.1841890060992,506.33850680553144,0
morning,weekend,spring,28.97512634286136,79.5409876453732,577.0465812122769,643.11074369628,0
morning,weekend,winter,23.626558521852374,68.77482221793008,483.0975128984839,790.8615302839848,1
evening,weekend,summer,35.286076862095406,56.30191883909615,594.3737570400551,756.158834659824,1
morning,weekday,spring,25.545411028125226,59.255783130115496,599.3672359932839,727.1009341403624,1
afternoon,weekday,spring,25.223032988791104,60.2662142633635,505.6419557383643,773.3625245350881,1
evening,weekday,spring,27.33446284094109,69.49701975167847,555.3871190218905,765.0422107813315,1
night,weekday,spring,29.9788958310236,53.62018502250651,579.8406250612395,599.2924671837669,0
afternoon,weekend,winter,21.68404472271711,67.91127858218243,529.263901016956,746.750506497977,1
evening,weekend,winter,20.902285298478073,67.31321209356678,463.6052734831818,559.785873579701,0
morning,weekday,autumn,27.120872252407576,71.28407080045756,419.3151298506895,456.87521901377494,-1
afternoon,weekend,summer,43.722120584764795,51.60139701416672,421.405750455749,552.5945420508909,0
afternoon,weekday,autumn,27.910048107291928,68.31401030176626,488.9775697898285,833.811798062784,2
afternoon,weekday,winter,20.299270547591092,74.29041139904521,578.472854987793,582.7269926222776,0
afternoon,weekday,autumn,25.075374220766776,71.92340433788749,553.110553549825,661.2730576333751,0
evening,weekday,autumn,25.61875722738076,79.90979968927078,590.1755026995876,779.6148567514858,1
evening,weekday,summer,39.351878662146845,77.39758928757058,541.484634499192,526.4749167930954,0
afternoon,weekday,summer,32.55763538929733,67.44762596267324,473.6876659206271,656.4355926604758,0
morning,weekday,winter,23.873805278961314,62.77106675108095,451.8110775109694,675.9207054556862,0
afternoon,weekend,spring,30.905422416594487,51.9314653974699,568.5765886230749,468.2510990286387,-1
afternoon,weekday,spring,25.591989110890772,61.49957143995375,472.3612083708622,783.7801912333987,1
night,weekend,summer,44.793370551932455,71.2282220847857,582.4638239106368,873.739526737399,2
afternoon,weekday,winter,23.50518618441762,63.11140839428803,526.561762879392,827.4413032589762,2
night,weekend,autumn,29.61483865600961,72.62885521476807,531.307667536471,598.097385603252,0
afternoon,weekday,summer,34.83702000858403,79.86541933253488,433.9856684308503,655.459543339822,0
morning,weekday,spring,26.746610212265317,63.74252357378166,596.9148592693274,590.0538061927762,0
